{
  "project_info": {
    "project_number": "1076950259241",
    "firebase_url": "https://coinnote-f31c0-default-rtdb.firebaseio.com",
    "project_id": "coinnote-f31c0",
    "storage_bucket": "coinnote-f31c0.appspot.com"
  },
  "client": [
    {
      "client_info": {
        "mobilesdk_app_id": "1:1076950259241:android:10fd4b18ac20fe7f7eae38",
        "android_client_info": {
          "package_name": "com.example.coinnote"
        }
      },
      "oauth_client": [
        {
          "client_id": "1076950259241-e0j827arha89sedq23b0676u3hcd4r1l.apps.googleusercontent.com",
          "client_type": 3
        }
      ],
      "api_key": [
        {
          "current_key": "AIzaSyBTnWsu5bzrdzFy-bvyCznTaf5rYsBaEYo"
        }
      ],
      "services": {
        "appinvite_service": {
          "other_platform_oauth_client": [
            {
              "client_id": "1076950259241-e0j827arha89sedq23b0676u3hcd4r1l.apps.googleusercontent.com",
              "client_type": 3
            }
          ]
        }
      }
    }
  ],
  "configuration_version": "1"
}